data,model_type,feature,mean_importance,std_importance
all05,MLP,b5_dbifm_p50,0.008639122661974438,0.01144480716925806
all05,MLP,b2_dp1fm_dry_p50,0.009509625144823243,0.012341493603099227
all05,MLP,b2_dbifm_dry_p50,0.009867516426810564,0.010230278416982142
all05,MLP,dbifman_NDVI_p50,0.009882334760668122,0.015397466619457664
all05,MLP,b1_hsd_p50,0.010051038200264937,0.011526765203605925
all05,MLP,dbifman_r43_p50,0.010079043956140052,0.0138359640491259
all05,MLP,b3_dbifm_p50,0.010386834208923891,0.01431990813132313
all05,MLP,b3_dbifm_dry_p50,0.01103160113378717,0.016589065287591447
all05,MLP,b1_wfp_dry_p50,0.0116547478792758,0.016094177104551435
all05,MLP,dbifmdry_MSR_p50,0.011854956897659785,0.01737079908519112
all05,MLP,dbifman_r42_p50,0.012392493300523819,0.015622359605324817
all05,MLP,b1_h25_p50,0.012555500384630634,0.016238979502400424
all05,MLP,b5_dbifm_dry_p50,0.01267550284693259,0.016495736231808722
all05,MLP,b1_h99_p50,0.01298914836821545,0.016302886874896998
all05,MLP,b1_ccw_dry_p50,0.01363230973763414,0.01762086921645571
all05,MLP,dbifmdry_GNDVI_p50,0.013742360153515449,0.01632200241892901
all05,MLP,b1_hmc_p50,0.013928768692164355,0.015988932851691555
all05,MLP,dbifmdry_r43_p50,0.01684017006216366,0.01828096943173992
all05,MLP,dbifmdry_r42_p50,0.0185557127934056,0.018384163529030505
all05,MLP,dbifmdry_NDVI_p50,0.022287549599809983,0.018463959698245856
