data,model_type,feature,mean_importance,std_importance
all05,KNN,dbifman_r32_p50,0.0014602236744391411,0.0003471973992502591
all05,KNN,dbifmdry_r54_p50,0.0016025003450259015,0.0007137572345877133
all05,KNN,dbifmdry_r64_p50,0.0016712113138066895,0.0009279767372682829
all05,KNN,dbifmdry_r63_p50,0.002072811337391631,0.0020495143469061515
all05,KNN,dbifman_r54_p50,0.002205596186349102,9.194841846365364e-05
all05,KNN,dbifman_MSR_p50,0.0022335944189243962,0.0019765601201206704
all05,KNN,dbifman_r62_p50,0.002357300008329841,0.0020244569655038912
all05,KNN,dbifman_r64_p50,0.003332923071603308,3.1426346705553495e-05
all05,KNN,dbifmdry_r62_p50,0.0039901522799670975,0.0009397336212603545
all05,KNN,dbifmdry_MSR_p50,0.004168657183933205,0.0024052987983998035
all05,KNN,dbifman_r53_p50,0.004304766972237729,0.002735275196713451
all05,KNN,dbifman_r52_p50,0.008505686654660654,0.004611319606126279
all05,KNN,dbifmdry_r53_p50,0.009362537145743595,0.004624080387297241
all05,KNN,dbifmdry_r52_p50,0.011617435238569692,0.006797485826615742
all05,KNN,dbifmdry_CVI_p50,0.012204740811513811,0.009368081505641833
all05,KNN,dbifmdry_r42_p50,0.020190625063673823,0.003909670177738416
all05,KNN,dbifman_CVI_p50,0.02274772686206338,0.009181295145088173
all05,KNN,dbifman_r42_p50,0.028194926924106203,0.01291831550945173
all05,KNN,dbifmdry_r43_p50,0.032260723181197354,0.01416812828978606
all05,KNN,dbifman_r43_p50,0.04090469226059232,0.023950105525169723
