data,model_type,feature,mean_importance,std_importance
all05,ABR,b1_hsd_p50,0.004482482329469628,0.004173067979770899
all05,ABR,dbifman_r63_p50,0.004551616715153859,0.001423549829201864
all05,ABR,b1_hcv_p50,0.005104658289493951,0.0017640120198106914
all05,ABR,dbifmdry_r64_p50,0.005149415108828469,0.0024694362144109085
all05,ABR,dbifmdry_r54_p50,0.005182616817667209,0.0028465575207860163
all05,ABR,dbifman_r54_p50,0.005612452845457464,0.0029824970245486745
all05,ABR,b3_dbifm_dry_p50,0.005843245159082731,0.002958979851908822
all05,ABR,ma_dsii_p50,0.005847747189413026,0.002117184472278846
all05,ABR,b1_ccw_dry_p50,0.005875841650416511,0.003996907363295407
all05,ABR,dbifman_r64_p50,0.005905608187669656,0.0030057033907255207
all05,ABR,b5_dbifm_dry_p50,0.006900737566506571,0.0031041121755521696
all05,ABR,dbifmdry_MSR_p50,0.007033002447360997,0.003016534425949704
all05,ABR,b1_dbifm_dry_p50,0.007054669596280884,0.004363822468993335
all05,ABR,b2_dbifm_dry_p50,0.009050389950459347,0.004533994932258748
all05,ABR,b6_dbifm_dry_p50,0.010207103609703927,0.004837855452993585
all05,ABR,b6_dbifm_p50,0.01023621150715765,0.0038717323093042056
all05,ABR,dbifmdry_r43_p50,0.010917747402560728,0.004190096644957963
all05,ABR,dbifmdry_NDVI_p50,0.011043386595325035,0.004746984337666931
all05,ABR,b1_dbifm_p50,0.012071916187977566,0.0067387060885498225
all05,ABR,b2_dbifm_p50,0.027129105819849196,0.00971227196146779
